name,gender,email,city,username
Ljiljana Sokolović,female,ljiljana.sokolovic@example.com,Serbia,smallleopard302
Ava Walters,female,ava.walters@example.com,Ireland,yellowrabbit285
Loran Van Schalkwijk,male,loran.vanschalkwijk@example.com,Netherlands,beautifulgoose613
Angelina Dupuis,female,angelina.dupuis@example.com,France,redbird423
Bryan Bennett,male,bryan.bennett@example.com,United Kingdom,organicladybug617
Demi Hettema,male,demi.hettema@example.com,Netherlands,angrybutterfly474
Milovan Ćirić,male,milovan.ciric@example.com,Serbia,crazybear372
Hugh Griffin,male,hugh.griffin@example.com,United Kingdom,angrymouse364
Lawrence Frazier,male,lawrence.frazier@example.com,United Kingdom,smalldog978
Aitor Cruz,male,aitor.cruz@example.com,Spain,angryswan814
Casandra Schot,female,casandra.schot@example.com,Netherlands,brownostrich629
Blake Johnson,male,blake.johnson@example.com,Canada,yellowwolf409
Nicklas Rasmussen,male,nicklas.rasmussen@example.com,Denmark,organicfrog891
Nelly Aspelund,female,nelly.aspelund@example.com,Norway,orangelion869
آرش موسوی,male,arsh.mwswy@example.com,Iran,beautifulgorilla432
Akhil Shenoy,male,akhil.shenoy@example.com,India,crazydog109
Horst-Dieter Raasch,male,horst-dieter.raasch@example.com,Germany,lazydog451
Iekaterina Poznanskiy,female,iekaterina.poznanskiy@example.com,Ukraine,brownswan333
Stella Ramfjord,female,stella.ramfjord@example.com,Norway,tinyswan239
مارال رضاییان,female,mrl.rdyyn@example.com,Iran,angryostrich918
Albert Thomsen,male,albert.thomsen@example.com,Denmark,happybear221
Izzie Barnett,female,izzie.barnett@example.com,United Kingdom,happybear985
Alma Christensen,female,alma.christensen@example.com,Denmark,crazybird199
Mita Zec,male,mita.zec@example.com,Serbia,purplebutterfly239
Markus Tesdal,male,markus.tesdal@example.com,Norway,crazygorilla739
Ömer Hund,male,omer.hund@example.com,Germany,happygorilla454
Frederieke Fritz,female,frederieke.fritz@example.com,Netherlands,whiteelephant129
Arnaud Young,male,arnaud.young@example.com,Canada,goldenbutterfly398
Mireille Muller,female,mireille.muller@example.com,Switzerland,greenduck989
Songül Wehner,female,songul.wehner@example.com,Germany,purplefish449
Violeta Blanc,female,violeta.blanc@example.com,Switzerland,happymeercat214
Evelyn Patel,female,evelyn.patel@example.com,New Zealand,organicmeercat924
Esteban Martínez,male,esteban.martinez@example.com,Spain,bigzebra342
Natalie Pierce,female,natalie.pierce@example.com,United States,brownelephant853
Vaibhavi Rai,female,vaibhavi.rai@example.com,India,sadbutterfly671
Caroline Lord,female,caroline.lord@example.com,Ireland,orangesnake332
Đoka Jakovljević,male,doka.jakovljevic@example.com,Serbia,happydog472
Alexander Perry,male,alexander.perry@example.com,United Kingdom,angrygorilla334
Georgia Edwards,female,georgia.edwards@example.com,New Zealand,bigcat249
Bértil da Mota,male,bertil.damota@example.com,Brazil,goldengorilla423
Connor Wilson,male,connor.wilson@example.com,New Zealand,silverduck274
Gonzalo Pascual,male,gonzalo.pascual@example.com,Spain,redmeercat551
عباس کریمی,male,aabs.khrymy@example.com,Iran,heavybird334
Janine Friedmann,female,janine.friedmann@example.com,Germany,organicbird215
Burim Moulin,male,burim.moulin@example.com,Switzerland,happyelephant257
محمد محمدخان,male,mhmd.mhmdkhn@example.com,Iran,purpleleopard573
Antonia García,female,antonia.garcia@example.com,Spain,angryfrog657
Grayson Wang,male,grayson.wang@example.com,New Zealand,sadzebra205
Ali Sanchez,male,ali.sanchez@example.com,Switzerland,lazybird200
Andy Campbell,male,andy.campbell@example.com,Australia,silverrabbit495
